Item Name,Item Price,Item Link
TREAD SOFTLY 2023 - Pinot Grigio - Australia (250ml Can),10,https://wineconnection.com.sg/buy-wine-online/all-wines/tread-softly-pinot-grigio-australia-can.html
TREAD SOFTLY - Prosecco - South Australia (250ml Can),10,https://wineconnection.com.sg/buy-wine-online/all-wines/tread-softly-prosecco-south-australia-can.html
"BRUMALE - Montepulciano d'Abruzzo DOC, Abruzzo - Italy",15,https://wineconnection.com.sg/buy-wine-online/all-wines/brumale-montepulciano-d-abruzzo-doc-abruzzo-italy.html
DOMAINE DE GRANGE NEUVE Half Bottle 2019 - Monbazillac,18,https://wineconnection.com.sg/buy-wine-online/all-wines/domaine-de-grange-neuve-half-bottle-monbazillac.html
CHAVIN ZERO - Sparkling Chardonnay - France,18,https://wineconnection.com.sg/buy-wine-online/all-wines/chavin-zero-sparkling-chardonnay-france.html
Sant'Orsola - Lambrusco Dell'Emilia Rosso  - Emilia Romagna - Italy,19.9,https://wineconnection.com.sg/buy-wine-online/all-wines/sant-orsola-lambrusco-dell-emilia-rosso-emilia-romagna-italy.html
GIO 2022 - Pinot Grigio Delle Venezie DOC - Italy,19.9,https://wineconnection.com.sg/buy-wine-online/all-wines/gio-pinot-grigio-delle-venezie-doc-italy.html
RICOSSA 2022 - Moscato d'Asti - Piedmont DOCG - Italy,19.9,https://wineconnection.com.sg/buy-wine-online/all-wines/ricossa-moscato-d-asti-piedmont-docg-italy.html
CASAL MENDES - Vinho Verde Rosé  - Baga - Portugal,19.9,https://wineconnection.com.sg/buy-wine-online/all-wines/casal-mendes-rose.html
"CABRIZ ""C de Cabriz"" - Terras Do DãO IGP - Portugal",19.9,https://wineconnection.com.sg/buy-wine-online/all-wines/c-de-cabriz-terras-do-da-o-igp-portugal.html
"PAULETTS ""Missy"" 2023 - Late Harvest Riesling - Clare Valley - Australia",24,https://wineconnection.com.sg/buy-wine-online/all-wines/pauletts-missy-riesling-clare-valley-australia.html
"DEAKIN ESTATE ""Zero"" 2021- Shiraz - Australia",24,https://wineconnection.com.sg/buy-wine-online/all-wines/deakin-estate-zero-shiraz-australia.html
"DEAKIN ESTATE ""Zero"" 2023 - Sauvignon Blanc - Australia",24,https://wineconnection.com.sg/buy-wine-online/all-wines/deakin-estate-zero-sauvignon-blanc-australia.html
CHÂTEAU LARTIGUES 2022 - Castillon Côtes de Bordeaux - France,24.9,https://wineconnection.com.sg/buy-wine-online/all-wines/chateau-lartigues-castillon-cotes-de-bordeaux-france.html
LINTON PARK 2020 - Chardonnay - Wellington - South Africa,25,https://wineconnection.com.sg/buy-wine-online/all-wines/linton-park-chardonnay.html
FEDERICO PATERNINA 2022 - Tempranillo Rioja DOCa - Spain,25,https://wineconnection.com.sg/buy-wine-online/all-wines/federico-paternina-rioja-doca-spain.html
"CUVEE DISSENAY 2023 - Pays d'Oc - Chardonnay - Languedoc, France",25,https://wineconnection.com.sg/buy-wine-online/all-wines/cuvee-dissenay-pays-d-oc-chardonnay-languedoc-france.html
CHÂTEAU ROUGIER 2023 - Bordeaux - France,25,https://wineconnection.com.sg/buy-wine-online/all-wines/chateau-rougier-bordeaux-france.html
LINTON PARK 2020 - Cabernet Sauvignon  - Wellington - South Africa,25,https://wineconnection.com.sg/buy-wine-online/all-wines/linton-park-cabernet-sauvignon.html
"CASTANO ""Hecula"" 2021 - Monastrell - Yecla, Murcia - Spain",26,https://wineconnection.com.sg/buy-wine-online/all-wines/castano-hecula-monastrell.html
"SELBACH ""Funkelwürtz"" Zero Non-Alcoholic Sparkling Wine - Germany",26,https://wineconnection.com.sg/buy-wine-online/all-wines/selbach-funkelwurtz-zero-non-alcoholic-sparkling-wine-germany.html
"POGGIO CAVALIERI ""Governo All'Uso Toscano"" - Chianti, Tuscany - Italy",26.9,https://wineconnection.com.sg/buy-wine-online/all-wines/poggio-cavalieri-chianti-governo-all-uso-toscano-tuscany-italy.html
INTIS 2023 - Cabernet Sauvignon - Mendoza - Argentina,28,https://wineconnection.com.sg/buy-wine-online/all-wines/intis-cabernet-sauvignon-mendoza-argentina.html
"DON CAYETANO ""Classic"" 2023 - Sauvignon Blanc - Central Valley - Chile",28,https://wineconnection.com.sg/buy-wine-online/all-wines/don-cayetano-classic-sauvignon-blanc-central-valley-chile.html
"DON CAYETANO ""Classic"" 2023 - Merlot - Central Valley - Chile",28,https://wineconnection.com.sg/buy-wine-online/all-wines/don-cayetano-classic-merlot-central-valley-chile.html
"DON CAYETANO ""Classic"" 2024 - Chardonnay - Central Valley - Chile",28,https://wineconnection.com.sg/buy-wine-online/all-wines/don-cayetano-classic-chardonnay-central-valley-chile.html
CASAL MENDES - Vinho Verde -  Baga - Portugal,28,https://wineconnection.com.sg/buy-wine-online/all-wines/casal-mendes-vinho-verde.html
INTIS 2023 - Sweet Red - Mendoza - Argentina,28,https://wineconnection.com.sg/buy-wine-online/all-wines/intis-sweet-red-mendoza-argentina.html
"DON CAYETANO ""Classic"" 2023 - Cabernet Sauvignon - Central Valley - Chile",28,https://wineconnection.com.sg/buy-wine-online/all-wines/don-cayetano-classic-cabernet-sauvignon-central-valley-chile.html
"LA GIRONDA 2023 - Moscato D' Asti, Piedmont - Italy",28,https://wineconnection.com.sg/buy-wine-online/all-wines/la-gironda-moscato-d-asti-piedmont-italy.html
"SELBACH 2022 - Riesling Classic - Mosel, Germany",29.9,https://wineconnection.com.sg/buy-wine-online/all-wines/selbach-riesling-classic.html
CABRIZ 2018 - Reserva - Dão DOC - Portugal,29.9,https://wineconnection.com.sg/buy-wine-online/all-wines/cabriz-reserva-d-o-doc-portugal.html
OVERSTONE 2022 - Sauvignon Blanc - Marlborough - New Zealand,29.9,https://wineconnection.com.sg/buy-wine-online/all-wines/overstone-sauvignon-blanc-marlborough-new-zealand.html
ST MICHAEL-EPPAN - Südtirol Alto Adige 2023 - Pinot Grigio - Italy,29.9,https://wineconnection.com.sg/buy-wine-online/all-wines/st-michael-eppan-sudtirol-alto-adige-pinot-grigio.html
"WILLIAM FEVRE ""Espino"" 2023 - Chardonnay - Maipo Valley, Chile",29.9,https://wineconnection.com.sg/buy-wine-online/all-wines/william-fevre-espino-chardonnay-maipo-valley-chile.html
"WILLIAM FÈVRE ""Espino"" 2022 - Pinot Noir - Casablanca Valley - Aconcagua Valley - Chile",29.9,https://wineconnection.com.sg/buy-wine-online/all-wines/william-fevre-espino-pinot-noir-casablanca-valley-chile.html
"CASA DEFRÀ 2023 - Pinot Grigio delle Venezie DOC, Veneto - Italy",30,https://wineconnection.com.sg/buy-wine-online/all-wines/casa-defra-pinot-grigio-delle-venezie-veneto-italy.html
"LA GIRONDA 2023 - Brachetto d'Acqui, Piedmont - Italy",30,https://wineconnection.com.sg/buy-wine-online/all-wines/la-gironda-brachetto-d-acqui.html
MONASTERIO DE LAS VINAS 2022 - Joven - Cariñena DOC - Spain,30,https://wineconnection.com.sg/buy-wine-online/all-wines/monasterio-de-las-vinas-joven-carinena.html
CHÂTEAU MAYNARD 2023 - Bordeaux - France,30,https://wineconnection.com.sg/buy-wine-online/all-wines/chateau-maynard-bordeaux-france.html
"CALABRIA FAMILY WINES ""Richland"" - Pink Moscato - Riverina, NSW - Australia",30,https://wineconnection.com.sg/buy-wine-online/all-wines/calabria-family-wines-richland-pink-moscato-riverina-nsw-australia.html
"CHATEAU PONTET PLAISANCE 2019 - St Emilion Grand Cru, Bordeaux - France",30,https://wineconnection.com.sg/buy-wine-online/all-wines/chateau-pontet-plaisance-st-emilion-grand-cru.html
DASHWOOD - Pinot Noir - Marlborough - New Zealand,30,https://wineconnection.com.sg/buy-wine-online/all-wines/dashwood-pinot-noir-marlborough-new-zealand.html
"FOOTPRINT ""The Long Walk"" 2023 - Chardonnay - Breedekloof - South Africa",30,https://wineconnection.com.sg/buy-wine-online/all-wines/footprint-the-long-walk-chardonnay.html
DEAKIN ESTATE 2023 - Moscato - Victoria - Australia,32,https://wineconnection.com.sg/buy-wine-online/all-wines/deakin-estate-moscato.html
"FEDERICO PATERNINA ""Banda Azul"" - Organic Cava Brut, Penedes - Spain",32,https://wineconnection.com.sg/buy-wine-online/all-wines/federico-paternina-banda-azul-cava-brut.html
"FEDERICO PATERNINA - Cava Organic Brut Semi-Sec, Penedes - Spain",32,https://wineconnection.com.sg/buy-wine-online/all-wines/federico-paternina-cava-organic-brut-semi-sec-penedes-spain.html
"DOMAINE DU BOIS MALINGE 2023 - Muscadet Sèvre Et Maine ""Sur Lie"" - Loire Valley - France",32,https://wineconnection.com.sg/buy-wine-online/all-wines/domaine-du-bois-malinge-muscadet-sevres-et-maine-sur-lie.html
"VALDO ""Ice Blanc De Blancs"" - Spumante Demi-Sec - Veneto - Italy",32,https://wineconnection.com.sg/buy-wine-online/all-wines/valdo-ice-blanc-de-blancs.html
TREAD SOFTLY 2024 - Pinot Grigio - Australia,32,https://wineconnection.com.sg/buy-wine-online/all-wines/tread-softly-pinot-grigio-australia.html
TREAD SOFTLY - Prosecco - South Australia (Pack of 4 x 250ml Can),32,https://wineconnection.com.sg/buy-wine-online/all-wines/tread-softly-prosecco-south-australia-pack-of-4.html
"TINAZZI ""Dysmè"" 2022 - Fiano - Puglia IGP - Italy",32,https://wineconnection.com.sg/buy-wine-online/all-wines/tinazzi-dysme-fiano-puglia-igp-italy.html
TREAD SOFTLY 2024 - Shiraz - Australia,32,https://wineconnection.com.sg/buy-wine-online/all-wines/tread-softly-shiraz-australia.html
"TINAZZI ""Nyktós"" 2022 - Aglianico - Puglia IGP - Italy",32,https://wineconnection.com.sg/buy-wine-online/all-wines/tinazzi-nyktos-aglianico-puglia-igp-italy.html
"RICOSSA 2019 - Albarossa - Piemonte DOC - Piedmont, Italy",32,https://wineconnection.com.sg/buy-wine-online/all-wines/ricossa-albarossa-piemonte-doc-piedmont-italy.html
CASA DE FRÀ - Prosecco DOC - Veneto - Italy,32,https://wineconnection.com.sg/buy-wine-online/all-wines/casa-defra-prosecco-brut.html
SPIER SEAWARD 2021 - Pinotage - Coastal Region - South Africa,33,https://wineconnection.com.sg/buy-wine-online/all-wines/spier-seaward-pinotage-coastal-region-south-africa.html
"ARESTI ""Bellavista"" 2021 - Merlot Reserva  - Curico Valley - Chile",34,https://wineconnection.com.sg/buy-wine-online/all-wines/aresti-bellavista-reserva-merlot-curico-valley-chille.html
"BRUCE JACK ""Lifestyle"" 2023 - Daily Brew Pinotage - Western Cape - South Africa",34,https://wineconnection.com.sg/buy-wine-online/all-wines/bruce-jack-lifestyle-daily-brew-pinotage-western-cape-south-africa.html
"LA VICOMTÉ AUTHENTIQUE 2023 - Cabernet Sauvignon - Languedoc, France",34,https://wineconnection.com.sg/buy-wine-online/all-wines/la-vicomte-authentique-cabernet-sauvignon-languedoc-france.html
"CALABRIA FAMILY WINES ""Richland"" 2023 - Shiraz - Riverina, NSW - Australia",34,https://wineconnection.com.sg/buy-wine-online/all-wines/calabria-family-wines-richland-shiraz-riverina-nsw-australia.html
"NV Veuve Du Vernay Brut - Bourgogne, France",34,https://wineconnection.com.sg/buy-wine-online/all-wines/nv-veuve-du-vernay-brut-bourgogne-france.html
"BRUCE JACK ""Lifestyle"" 2024 - Chenin Blanc - Western Cape - South Africa",34,https://wineconnection.com.sg/buy-wine-online/all-wines/bruce-jack-lifestyle-chenin-blanc-western-cape-south-africa.html
"LA VICOMTÉ AUTHENTIQUE  2023 - Merlot - Languedoc, France",34,https://wineconnection.com.sg/buy-wine-online/all-wines/la-vicomte-authentique-merlot-languedoc-france.html
"CALABRIA FAMILY WINES ""Richland"" 2023 -  Cabernet Sauvignon - Riverina, NSW - Australia",34,https://wineconnection.com.sg/buy-wine-online/all-wines/calabria-family-wines-richland-cabernet-sauvignon-riverina-nsw-australia.html
"CALABRIA FAMILY WINES ""Richland"" 2022 - Chardonnay - Riverina, NSW - Australia",34,https://wineconnection.com.sg/buy-wine-online/all-wines/calabria-family-wines-richland-chardonnay.html
"MESSER DEL FAUNO IT152 2022 - Nero D'avola, Sicily - Italy",34,https://wineconnection.com.sg/buy-wine-online/all-wines/messeria-del-fauno-nero-d-avola.html
"CHÂTEAU DE MONTGUÉRET 2022 - Rosé D'Anjou, Loire Valley - France",34,https://wineconnection.com.sg/buy-wine-online/all-wines/chateau-de-montgueret-rose-d-anjou-loire-valley-france.html
"AZAHARA - Sparkling Moscato - Murray Darling, Victoria - Australia",34,https://wineconnection.com.sg/buy-wine-online/all-wines/azahara-sparkling-moscato.html
"VALDO - Prosecco DOC Extra Dry - Treviso, Veneto - Italy",34,https://wineconnection.com.sg/buy-wine-online/all-wines/valdo-prosecco-extra-dry-treviso-veneto-italy.html
TINAZZI 2021- Valpolicella Ripasso Superiore  - Veneto - Italy,34.9,https://wineconnection.com.sg/buy-wine-online/all-wines/tinazzi-valpolicella-ripasso-superiore-veneto-italy.html
"ELYSIAN SPRINGS ""Spring Lamb"" 2020 - Syrah - Adelaide Hills - Australia",34.9,https://wineconnection.com.sg/buy-wine-online/all-wines/elysian-springs-spring-lamb-syrah-adelaide-hills-australia.html
JOHNSON ESTATE 2023 - Sauvignon Blanc - Marlborough - New Zealand,34.9,https://wineconnection.com.sg/buy-wine-online/all-wines/johnson-estate-sauvignon-blanc-marlborough-new-zealand.html
"FINCA LA EMPERATRIZ ""Reserva"" 2018 - Rioja - Spain",35,https://wineconnection.com.sg/buy-wine-online/all-wines/finca-la-emperatriz.html
"HERMANOS LURTON ""Cibola"" 2021 - Orange Wine - Spain",35,https://wineconnection.com.sg/buy-wine-online/all-wines/hermanos-lurton-cibola-orange-wine-spain.html
DOMAINE LA GRANDE BAUQUIÈRE 'Création' 2022 - Côtes de Provence Rosé - France,35,https://wineconnection.com.sg/buy-wine-online/all-wines/domaine-la-grande-bauquiere-creation-cotes-de-provence-rose-france.html
"ALMA MORA  2023 ""Reserva"" - Malbec - San Juan - Argentina",36,https://wineconnection.com.sg/buy-wine-online/all-wines/alma-mora-reserva-malbec-san-juan-argentina.html
"DEAKIN ESTATE 2023 - Pinot Noir - Victoria, Australia",36,https://wineconnection.com.sg/buy-wine-online/all-wines/deakin-estate-pinot-noir.html
"CHÂTEAU SAINTE MARIE 2023 - Bordeaux White - Entre-Deux-Mers, Bordeaux - France",36,https://wineconnection.com.sg/buy-wine-online/all-wines/chateau-sainte-marie-entre-deux-mers.html
FAT BASTARD 2023 - Pinot Noir - IGP Pays D'Oc - France,36,https://wineconnection.com.sg/buy-wine-online/all-wines/fat-bastard-pinot-noir-igp-pays-d-oc-france.html
"LES FUMÉES BLANCHES 2023 - Sauvignon Blanc - Côtes De Gascogne, South West - France",36,https://wineconnection.com.sg/buy-wine-online/all-wines/les-fumees-blanches-sauvignon-blanc.html
"FAT BASTARD 2023 - Rosé IGP Pays d'Oc, Languedoc - France",36,https://wineconnection.com.sg/buy-wine-online/all-wines/fat-bastard-rose-igp-pays-d-oc-rh129.html
"THE GREAT BONZA ""Reserve"" 2021 - Shiraz Cabernet - South Eastern Australia",36,https://wineconnection.com.sg/buy-wine-online/all-wines/the-great-bonza-shiraz-cabernet-south-eastern-australia.html
"DUCA DI SARAGNANO 2022  - Chianti DOCG, Tuscany - Italy",36,https://wineconnection.com.sg/buy-wine-online/all-wines/duca-di-saragnano-chianti-docg-tuscany-italy.html
DUCA DI SARAGNANO 2021 - Nero di Troia - Puglia - Italy,36,https://wineconnection.com.sg/buy-wine-online/all-wines/duca-di-saragnano-nero-di-troia-puglia-italy.html
FAMIGLIA CASTELLANI 2018 - Vino Nobile di Montepulciano  - Tuscany - Italy,36,https://wineconnection.com.sg/buy-wine-online/all-wines/famiglia-castellani-vino-nobile-di-montepulciano-tuscany-italy.html
"BISCARDO ""Oropasso"" 2023 - Bianco Veneto IGT  - Italy",36,https://wineconnection.com.sg/buy-wine-online/all-wines/biscardo-oropasso-bianco-veneto-igt-italy.html
"LE GRAND NOIR GSM 2021- IGP Pays d'Oc, Languedoc - France",36,https://wineconnection.com.sg/buy-wine-online/all-wines/le-grand-noir-gsm.html
"DEAKIN ESTATE -2021  Merlot - Riverina, Victoria - Australia",36,https://wineconnection.com.sg/buy-wine-online/all-wines/deakin-estate-merlot.html
L'ODALET  2023 - Viognier  - Pays d'Oc - France,36,https://wineconnection.com.sg/buy-wine-online/all-wines/l-odalet-viognier-pays-d-oc.html
"BISCARDO ""Neropasso"" 2021 - IGT Veneto - Italy",36,https://wineconnection.com.sg/buy-wine-online/all-wines/biscardo-neropasso-veneto.html
DUCA DI SARAGNANO -2023  Sangiovese Bianco IGT - Tuscany - Italy,36,https://wineconnection.com.sg/buy-wine-online/all-wines/duca-di-saragnano-sangiovese-bianco-igt-tuscany-italy.html
CINSO 2021 - Cinsault  - Chile,36,https://wineconnection.com.sg/buy-wine-online/all-wines/cinso-cinsault-chile.html
"DEAKIN ESTATE 2022 - Sauvignon Blanc - Riverina, New South Wales - Australia",36,https://wineconnection.com.sg/buy-wine-online/all-wines/deakin-estate-sauvignon-blanc.html
FAT BASTARD 2023 - Chardonnay - Languedoc - France,36,https://wineconnection.com.sg/buy-wine-online/all-wines/fat-bastard-chardonnay.html
"HENRI DE BAREUIL ""Vieilles Vignes""- Bourgogne Pinot Noir - Burgundy - France",36.9,https://wineconnection.com.sg/buy-wine-online/all-wines/henri-de-bareuil-vieilles-vignes-bourgogne-pinot-noir-burgundy-france.html
"CARMES DE RIEUSSEC  2019 - Sauternes - Half Bottle - Bordeaux, France",36.9,https://wineconnection.com.sg/buy-wine-online/all-wines/carmes-de-rieussec-sauternes-half-bottle-bordeaux-france.html
"HENRI DE BAREUIL ""Vieilles Vignes""  2021 - Chardonnay - Burgundy - France",36.9,https://wineconnection.com.sg/buy-wine-online/all-wines/henri-de-bareuil-vieilles-vignes-bourgogne-chardonnay-burgundy-france.html
CEP D'OR - Côtes de Provence Rosé - France,38,https://wineconnection.com.sg/buy-wine-online/all-wines/cep-d-or-cotes-de-provence-rose-france.html
"MAS JANEIL ""Le Petit Pas"" 2022 - GSM Côtes Du Roussillon, Languedoc - France",38,https://wineconnection.com.sg/buy-wine-online/all-wines/le-petit-pas-rouge-aop-cotes-du-roussillon-villages.html
"FEDERICO PATERNINA ""Banda Azul"" 2021 - Rioja Crianza - Spain",38,https://wineconnection.com.sg/buy-wine-online/all-wines/federico-paternina-banda-azul-rioja-crianza.html
"MONASTERIO DE LAS VIÑAS ""Reserva"" 2018 - Cariñena - Spain",38,https://wineconnection.com.sg/buy-wine-online/all-wines/monasterio-de-las-vinas-reserva-carinena.html
"MATAYAC SW37 - Petit Manseng - Jurançon Doux - South West, France",38,https://wineconnection.com.sg/buy-wine-online/all-wines/matayac-jurancon-doux-south-west-france.html
"BISCARDO ""Rosapasso"" 2023 - Rosé - Veneto - Italy",38,https://wineconnection.com.sg/buy-wine-online/all-wines/biscardo-rosapasso-pinot-noir-veneto-italy.html
OCEAN BAY 2023 - Sauvignon Blanc  - Marlborough - New Zealand,38,https://wineconnection.com.sg/buy-wine-online/all-wines/ocean-bay-sauvignon-blanc-marlborough.html
LES INTOCABLES 2023 - Malbec - San Juan - Argentina,38,https://wineconnection.com.sg/buy-wine-online/all-wines/les-intocables-malbec-san-juan-argentina.html
"FAMIGLIA CASTELLANI ""Collezione Collesano""  2021 - Chianti DOCG Riserva, Tuscany - Italy",38,https://wineconnection.com.sg/buy-wine-online/all-wines/famiglia-castellani-collezione-collesano-chianti-docg-riserva-tuscany-italy.html
"BRICKFIELDER ""W Colton"" 2020 - Shiraz, McLaren Vale - Australia",38,https://wineconnection.com.sg/buy-wine-online/all-wines/brickfielder-w-colton-shiraz-mclaren-vale-australia.html
"CHÂTEAU HAUT GUIRAUD 2022- Côtes de Bourg, Bordeaux - France",38,https://wineconnection.com.sg/buy-wine-online/all-wines/chateau-haut-guiraud-cotes-de-bourg-bordeaux-france.html
MOSQUETEROS 2022 - RESERVA - Carmenere - Chile,38,https://wineconnection.com.sg/buy-wine-online/all-wines/mosqueteros-reserva-carmenere-chile.html
"GABRIEL MEFFRE ""Saint Vincent"" 2023 -  Grenache, Syrah - Côtes du Rhône, Rhône Valley - France",38,https://wineconnection.com.sg/buy-wine-online/all-wines/gabriel-meffre-saint-vincent.html
"CHÂTEAU PINERAIE 2021- Malbec Merlot - Cahors, South West - France",38,https://wineconnection.com.sg/buy-wine-online/all-wines/chateau-pineraie.html
CAVES DE BEL AIR 2021- Beaujolais Villages - France,38,https://wineconnection.com.sg/buy-wine-online/all-wines/caves-de-bel-air-gamay-beaujolais-village-bu77.html
"STELLA BELLA ""SKUTTLEBUTT"" 2022 -  Cabernet Sauvignon - Margaret River, Australia",39,https://wineconnection.com.sg/buy-wine-online/all-wines/stella-bella-skuttlebutt-shiraz-cabernet-sauvignon.html
"BRICKFIELDER ""GF Angas"" 2020 - Shiraz, Barossa Valley - Australia",39,https://wineconnection.com.sg/buy-wine-online/all-wines/brickfielder-gf-angas-shiraz-barossa-valley-australia.html
JOHNSON ESTATE 2019 - Pinot Noir  - Marlborough - New Zealand,39,https://wineconnection.com.sg/buy-wine-online/all-wines/johnson-estate-pinot-noir-marlborough-new-zealand.html
"BRICKFIELDER ""Austin Brothers"" 2019 - Cabernet Sauvignon, Coonawarra - Australia",39,https://wineconnection.com.sg/buy-wine-online/all-wines/brickfielder-austin-brothers-cabernet-sauvignon-coonawarra-australia.html
MOSQUETEROS GRAN RESERVA 2021 - Cabernet Sauvignon - Chile,39,https://wineconnection.com.sg/buy-wine-online/all-wines/mosqueteros-gran-reserva-cabernet-sauvignon-chile.html
MOSQUETEROS GRAN RESERVA 2019 - Carmenere - Chile,39,https://wineconnection.com.sg/buy-wine-online/all-wines/mosqueteros-gran-reserva-carmenere-chile.html
SMITH WOODHOUSE FINE RUBY PORT - Douro - Portugal,39.9,https://wineconnection.com.sg/buy-wine-online/all-wines/smith-woodhouse-fine-ruby-port-douro-portugal.html
"CHÂTEAU SAINTE MARIE ""Vieilles Vignes"" 2022 - Bordeaux Superieur - France",40,https://wineconnection.com.sg/buy-wine-online/all-wines/chateau-sainte-marie-bordeaux-superieur.html
"CHÂTEAU DE MONTGUÉRET - Saumur Rosé Sec, Loire Valley - France",40,https://wineconnection.com.sg/buy-wine-online/all-wines/chateau-de-montgueret-saumur-rose-sec-loire-valley-france.html
"LA GIRONDA ""La Lippa"" 2022 - Barbera d'Asti - Piedmont - Italy",40,https://wineconnection.com.sg/buy-wine-online/all-wines/la-gironda-la-lippa-barbera-d-asti.html
"HUMO BLANCO ""Ediciòn Limitada"" 2020 - Cabernet Sauvignon - DO Lolol - Chile",40,https://wineconnection.com.sg/buy-wine-online/all-wines/humo-blanco-edicion-limitada-cabernet-sauvignon-do-lolol-chile.html
SILVER LINING 2020 - Pinot Noir  - California - USA,40,https://wineconnection.com.sg/buy-wine-online/all-wines/silver-lining-pinot-noir-california-usa.html
CA'VITTORIA 2022 - Appassimento Puglia - Italy,40,https://wineconnection.com.sg/buy-wine-online/all-wines/ca-vittoria-appassimento-puglia-italy.html
"CHÂTEAU CAPENDU ""La Comelle"" 2022 - Corbières - Languedoc, France",40,https://wineconnection.com.sg/buy-wine-online/all-wines/chateau-capendu-la-comelle-corbieres-languedoc-france.html
"VALDO ""Elevantum"" Valdobbiadene Prosecco Superiore Brut - Veneto - Italy",40,https://wineconnection.com.sg/buy-wine-online/all-wines/valdo-elevantum-valdobbiadene-prosecco-superiore-brut-veneto-italy.html
PRADIO PRIARA  2023 - Pinot Grigio - Friuli Grave - Italy,40,https://wineconnection.com.sg/buy-wine-online/all-wines/pradio-pinot-grigio.html
"POGGIO AL CASONE 2021- Chianti Superiore DOCG, Tuscany - Italy",40,https://wineconnection.com.sg/buy-wine-online/all-wines/poggio-al-casone-chianti-superiore-docg.html
"LES GRIOTTES 2022 - Saint-Chinian, Languedoc - France",40,https://wineconnection.com.sg/buy-wine-online/all-wines/les-griottes-saint-chinian-languedoc-france.html
"BODEGA MALMA ""Chacra La Papay"" 2024 - Malbec - Patagonia - Argentina",40,https://wineconnection.com.sg/buy-wine-online/all-wines/bodega-malma-chacra-la-papay-malbec-patagonia-argentina.html
"LES FIEFS MÉDOCAINS 2022 - Médoc, Bordeaux - France",40,https://wineconnection.com.sg/buy-wine-online/all-wines/les-fiefs-medocains-medoc-bordeaux-france.html
"Valdo ""Elevantum"" Rose 2023 - Prosecco DOC Brut - Veneto - Italy",40,https://wineconnection.com.sg/buy-wine-online/all-wines/valdo-elevantum-rose-prosecco-doc-brut-veneto-italy.html
VILLA BROGLIA 2022 - Gavi di Gavi DOCG - Italy,40,https://wineconnection.com.sg/buy-wine-online/all-wines/villa-broglia-gavi-di-gavi-docg-italy.html
SILVER LINING 2022 - Chardonnay - California - USA,40,https://wineconnection.com.sg/buy-wine-online/all-wines/silver-lining-chardonnay-california-usa.html
"ZONTE'S FOOTSTEP ""Excalibur"" 2023 - Sauvignon Blanc, Adelaide Hills, Australia",40,https://wineconnection.com.sg/buy-wine-online/all-wines/excalibur-sauvignon-blanc.html
"LA ENFERMERA - Tempranillo 2022 - Terra d'Uro, DO Toro - Spain",40,https://wineconnection.com.sg/buy-wine-online/all-wines/la-enfermera.html
"CAVES DE BEL AIR 2022 - Gamay - Côtes De Brouilly, Beaujolais - France",42,https://wineconnection.com.sg/buy-wine-online/all-wines/caves-de-bel-air-g-amay.html
"SELBACH 2022 - Riesling Kabinett GE02 - Zeltinger Himmelreich, Mosel - Germany",42,https://wineconnection.com.sg/buy-wine-online/all-wines/selbach-riesling-zeltinger-himmelreich.html
LITTLE FUCK 2022 - Malbec  - Cahors - France,42,https://wineconnection.com.sg/buy-wine-online/all-wines/vignobles-vellas-little-fuck-malbec-cahors-france.html
ONE BY PENFOLDS 2022 - Cabernet Sauvignon - South Australia,42,https://wineconnection.com.sg/buy-wine-online/all-wines/one-by-penfolds-cabernet-sauvignon-south-australia.html
ONE BY PENFOLDS 2021 - Vin Rouge - Vin de France - France,42,https://wineconnection.com.sg/buy-wine-online/all-wines/one-by-penfolds-vin-rouge-vin-de-france-france.html
"CLOOF ""The Very Sexy Shiraz"" 2021 - Shiraz - Darling - South Africa",42,https://wineconnection.com.sg/buy-wine-online/all-wines/cloof-the-very-sexy-shiraz.html
ONE BY PENFOLDS - Chardonnay - Adelaide Hills - Australia,42,https://wineconnection.com.sg/buy-wine-online/all-wines/one-by-penfolds-chardonnay-adelaide-hills-australia.html
"ONE BY PENFOLDS 2022- Syrah, Grenache, Mourvedre - South Australia - Australia",42,https://wineconnection.com.sg/buy-wine-online/all-wines/one-by-penfolds-syrah-grenache-mourvedre-south-australia-australia.html
ONE BY PENFOLDS 2022 -  Shiraz - South Australia,42,https://wineconnection.com.sg/buy-wine-online/all-wines/one-by-penfolds-2022-shiraz-south-australia.html
DOMAINE LA GRANDE BAUQUIÈRE 'Moment Suspendu' 2022 - Côtes de Provence Rosé - France,42,https://wineconnection.com.sg/buy-wine-online/all-wines/domaine-la-grande-bauquiere-moment-suspendu-cotes-de-provence-rose-france.html
ONE BY PENFOLDS 2023 - Rose - South Australia,42,https://wineconnection.com.sg/buy-wine-online/all-wines/one-by-penfolds-rose-south-australia.html
"GÉRARD BERTRAND ""Gris Blanc"" 2023 - Rosé - Languedoc, France",42,https://wineconnection.com.sg/buy-wine-online/all-wines/gerard-bertrand-gris-blanc-rose-languedoc-france.html
PAUA BAY 2023 - Sauvignon Blanc - Marlborough - New Zealand,42,https://wineconnection.com.sg/buy-wine-online/all-wines/paua-bay-sauvignon-blanc.html
FAMIGLIA CASTELLANI 2018 - Chianti Classico Riserva - Tuscany - Italy,44,https://wineconnection.com.sg/buy-wine-online/all-wines/famiglia-castellani-chianti-classico-riserva.html
"DUCA DI SARAGNANO 2020 - Vino Nobile Di Montepulciano DOCG, Tuscany - Italy",44,https://wineconnection.com.sg/buy-wine-online/all-wines/duca-di-saragnano-vino-nobile-di-montepulciano-docg-tuscany-italy.html
KOZAEMON - Junmai Yuzu Sake - Japan,44,https://wineconnection.com.sg/buy-wine-online/all-wines/kozaemon-junmai-yuzu-sake-japan.html
"COSTE DI MORO 2019 - Montepulciano d'Abruzzo DOC, Abruzzo - Italy",44,https://wineconnection.com.sg/buy-wine-online/all-wines/coste-di-moro-montepulciano-d-abruzzo-doc.html
PASCUAL TOSO 2022 - Estate Cabernet Sauvignon - Mendoza - Argentina,44,https://wineconnection.com.sg/buy-wine-online/all-wines/pascual-toso-estate-cabernet-sauvignon-mendoza-argentina.html
PASCUAL TOSO 2023 - Estate Chardonnay - Mendoza  - Argentina,44,https://wineconnection.com.sg/buy-wine-online/all-wines/pascual-toso-estate-chardonnay-mendoza-argentina.html
"Gabriel Meffre ""Plan De Dieu"" 2022 - GSM Cotes Du Rhone Villages, Rhone Valley - France",44,https://wineconnection.com.sg/buy-wine-online/all-wines/gabriel-meffre-plan-de-dieu-gsm-cotes-du-rhone-villages-rhone-valley-france.html
WOLFBERGER 2022 - Gewürztraminer  - Alsace - France,45,https://wineconnection.com.sg/buy-wine-online/all-wines/wolfberger-gewurztraminer-alsace-france.html
"PERRACHON ET FILS ""Terres Roses"" 2022 - Moulin à Vent, Beaujolais - France",45,https://wineconnection.com.sg/buy-wine-online/all-wines/perrachon-et-fils-terres-roses-moulin-a-vent-beaujolais-france.html
WOLFBERGER 2022 - Pinot Gris  - Alsace - France,45,https://wineconnection.com.sg/buy-wine-online/all-wines/wolfberger-pinot-gris-alsace-france.html
WOLFBERGER - Crémant d'Alsace Brut - Alsace - France,45,https://wineconnection.com.sg/buy-wine-online/all-wines/wolfberger-cremant-d-alsace-brut-alsace-france.html
"ZUCCARDI ""Valles"" 2023 - Malbec  - Mendoza - Argentina",45,https://wineconnection.com.sg/buy-wine-online/all-wines/zuccardi-valles-malbec-mendoza-argentina.html
Domaine De La Presidente 2019 - Chateauneuf-Du-Pape - Rhone Valley - France,45,https://wineconnection.com.sg/buy-wine-online/all-wines/domaine-de-la-presidente-chateauneuf-du-pape-rhone-valley-france.html
"ZUCCARDI ""Valles"" 2023 - Torrontés  - Mendoza - Argentina",45,https://wineconnection.com.sg/buy-wine-online/all-wines/zuccardi-valles-torrontes-mendoza-argentina.html
"WOLFBERGER ""Signature"" 2022 - Riesling - Alsace - France",45,https://wineconnection.com.sg/buy-wine-online/all-wines/wolfberger-riesling-signature.html
"STELLA BELLA ""Skuttlebutt"" 2023 - Sauvignon Blanc, Semillon -  Margaret River, Australia",46,https://wineconnection.com.sg/buy-wine-online/all-wines/stella-bella-skuttlebutt-sauvignon-blanc-semillon.html
"ZÖHRER ""Sand 1"" 2022 - Grüner Veltliner  - Kremstal, Niederösterreich - Austria",46,https://wineconnection.com.sg/buy-wine-online/all-wines/zohrer-sand-1.html
ANGUS THE BULL 2021 - Cabernet Sauvignon  - Central Victoria,46,https://wineconnection.com.sg/buy-wine-online/all-wines/angus-bull-cabernet-sauvignon.html
CHÂTEAU FAVORI 2022 - Rosé - Provence - France,46,https://wineconnection.com.sg/buy-wine-online/all-wines/chateau-favori-rose-provence-france.html
LICENCIADO 2018 - Rioja Reserva - Spain,46,https://wineconnection.com.sg/buy-wine-online/all-wines/licenciado-rioja-reserva-spain.html
"LE PETIT CHAPERON ROUGE 2022 - Rosé - AOP Pic Saint Loup, Languedoc - France",46,https://wineconnection.com.sg/buy-wine-online/all-wines/le-petit-chaperon-rouge-aop-pic-saint-loup.html
"RICOSSA 2022 - Barbera - Piemonte Appassimento DOC, Italy",46,https://wineconnection.com.sg/buy-wine-online/all-wines/ricossa-barbera-piemonte-doc-appassimento-piedmont-italy.html
"OVERSTONE 2019 - Pinot Noir - Hawke's Bay, New Zealand",46,https://wineconnection.com.sg/buy-wine-online/all-wines/overstone-pinot-noir.html
FAUSTINO RIVERO ULECIA 2023 - Albariño - Rias Baixas - Spain,46,https://wineconnection.com.sg/buy-wine-online/all-wines/faustino-rivero-ulecia-rias-baixas-albarino.html
DUORUM 2021 - Douro DOC - Portugal,46,https://wineconnection.com.sg/buy-wine-online/all-wines/duorum-douro-doc-portugal.html
"GAUCHEZCO 2022 - Malbec Reserva  - Valle de Uco, Mendoza - Argentina",48,https://wineconnection.com.sg/buy-wine-online/all-wines/gauchezco-reserva-malbec.html
BARÓN DE LEY 2019 - Rioja Reserva - Spain,48,https://wineconnection.com.sg/buy-wine-online/all-wines/baron-de-ley-reserva-rioja-spain.html
"PENLEY ESTATE PHOENIX 2021 - Cabernet Sauvignon - Coonawarra, Australia",48,https://wineconnection.com.sg/buy-wine-online/all-wines/penley-estate-phoenix-cabernet-sauvignon.html
MOOIPLAAS 2020- Cabernet Sauvignon  - Stellenbosch - South Africa,48,https://wineconnection.com.sg/buy-wine-online/all-wines/mooiplaas-cabernet-sauvignon-stellenbosch-south-africa.html
"ZONTE'S FOOTSTEP ""Chocolate Factory"" 2021 - Shiraz  - McLaren Vale - Australia",48,https://wineconnection.com.sg/buy-wine-online/all-wines/zonte-s-footstep-chocolate-factory-shiraz.html
"POGGIO AL CASONE ""Casone"" 2015 - Toscana IGT - Italy",48,https://wineconnection.com.sg/buy-wine-online/all-wines/poggio-al-casone-casone-tuscana-igt-italy.html
MOMO 2022 - Sauvignon Blanc  - Marlborough - New Zealand,48,https://wineconnection.com.sg/buy-wine-online/all-wines/momo-sauvignon-blanc.html
MOOIPLAAS 2023 - Chenin Blanc - Stellenbosch - South Africa,48,https://wineconnection.com.sg/buy-wine-online/all-wines/mooiplaas.html
STELLA BELLA 2024 - Sauvignon Blanc   - Margaret River - Australia,48,https://wineconnection.com.sg/buy-wine-online/all-wines/stella-bella-sauvignon-blanc-margaret-river-australia.html
"WILLIAM FÈVRE ""Espino Gran Cuvée"" 2022 - Carménère - Maipo Valley - Chile",48,https://wineconnection.com.sg/buy-wine-online/all-wines/william-fevre-espino-gran-cuvee-carmenere-maipo-valley-chile.html
"ORANGE MECANIC ""Naturellement Pur"" 2022 - Gros Manseng Orange Wine - Languedoc - France",48,https://wineconnection.com.sg/buy-wine-online/all-wines/orange-mecanic-naturellement-pur-gros-manseng-orange-wine-languedoc-france.html
MOOIPLAAS 2022 - Chardonnay  - Stellenbosch - South Africa,48,https://wineconnection.com.sg/buy-wine-online/all-wines/mooiplaas-chardonnay-stellenbosch-south-africa.html
CHÂTEAU LE DOYENNÉ 2018 - Côtes de Bordeaux - France,48,https://wineconnection.com.sg/buy-wine-online/all-wines/chateau-le-doyenne-bordeaux.html
"LA CHABLISIENNE ""Pas si Petit"" 2022 - Petit Chablis - Burgundy, France",48,https://wineconnection.com.sg/buy-wine-online/all-wines/la-chablisienne-petit-chablis-chardonnay.html
PAUA BAY 2022 -  Pinot Noir - Marlborough - New Zealand,48,https://wineconnection.com.sg/buy-wine-online/all-wines/paua-bay-pinot-noir.html
MONASTERIO DE LAS VINAS 2017- Gran Reserva - Cariñena DOC - Spain,48,https://wineconnection.com.sg/buy-wine-online/all-wines/monasterio-de-las-vinas-gran-reserva.html
MOOIPLAAS 2022 - Pinotage  - Stellenbosch - South Africa,48,https://wineconnection.com.sg/buy-wine-online/all-wines/mooiplaas-sa12.html
"ZONTE'S FOOTSTEP ""Love Symbol"" 2022 - Grenache - McLaren Vale - Australia",48,https://wineconnection.com.sg/buy-wine-online/all-wines/zonte-s-footstep-love-symbol-grenache-mclaren-vale.html
CAPO ZAFFERANO 2021 - Primitivo di Manduria - Puglia - Italy,48,https://wineconnection.com.sg/buy-wine-online/all-wines/capo-zafferano-primitivo-di-manduria-puglia-italy.html
EVOI 2023 - Sauvignon Blanc Semillon  - Margaret River - Australia,48,https://wineconnection.com.sg/buy-wine-online/all-wines/evoi-sauvignon-blanc-semillon-margaret-river-australia.html
"GABRIEL MEFFRE ""Sainte Catherine"" 2020 - Gigondas, Rhône Valley - France",49,https://wineconnection.com.sg/buy-wine-online/all-wines/gabriel-meffre-sainte-catherine.html
"NEPENTHE Pinnacle Chardonnay 2021 - Adelaide Hills, South Australia - Australia",49,https://wineconnection.com.sg/buy-wine-online/all-wines/nepenthe-pinnacle-chardonnay-adelaide-hills-south-australia-australia.html
Smith Woodhouse Late Bottled Vintage Port 2010 - Douro - Portugal,49.9,https://wineconnection.com.sg/buy-wine-online/all-wines/smith-woodhouse-late-bottled-vintage-port-douro-portugal.html
CHÂTEAU GRAND BERT 2022 - Saint-Émilion Grand Cru - Bordeaux - France,49.9,https://wineconnection.com.sg/buy-wine-online/all-wines/chateau-grand-bert-saint-emilion-grand-cru-bordeaux-france.html
"PRADOREY ""Crianza"" 2020 - Tempranillo - Ribera Del Duero - Spain",50,https://wineconnection.com.sg/buy-wine-online/all-wines/prado-rey-crianza-tempranillo.html
"CALABRIA ""3 Bridges"" 2021 - Shiraz - Barossa Valley - Australia",50,https://wineconnection.com.sg/buy-wine-online/all-wines/calabria-3-bridges-shiraz-barossa-valley-australia.html
"SANTA JULIA NATURALES ""La Oveja"" 2023 - Torrontés - Argentina",50,https://wineconnection.com.sg/buy-wine-online/all-wines/santa-julia-naturales-la-oveja-torrontes-argentina.html
"BISCARDO ""Enigma"" 2022 - Sangiovese Rubicone Appassimento - Italy",50,https://wineconnection.com.sg/buy-wine-online/all-wines/biscardo-enigma-sangiovese-rubicone-appassimento-italy.html
"SANTA JULIA NATURALES ""El Burro"" 2023 - Malbec - Argentina",50,https://wineconnection.com.sg/buy-wine-online/all-wines/santa-julia-naturales-el-burro-malbec-argentina.html
"CHÂTEAU  PEYREDON LAGRAVETTE 2021- Haut Medoc Cru Bourgeois, Bordeaux - France",50,https://wineconnection.com.sg/buy-wine-online/all-wines/chateau-pereydon-la-gravette.html
"PASCUAL TOSO 2022 - Malbec Reserva - Barrancas, Maipu - Argentina",50,https://wineconnection.com.sg/buy-wine-online/all-wines/pascual-toso-malbec-reserva-barrancas-maipu-argentina.html
"WOLFBERGER ""La Louve"" 2021 - Pinot Noir - Alsace - France",50,https://wineconnection.com.sg/buy-wine-online/all-wines/wolfberger-la-louve-pinot-noir-alsace-france.html
"DOMAINE BRUNELY 2021- Gigondas, Rhône - France",52,https://wineconnection.com.sg/buy-wine-online/all-wines/domaine-brunely-gigondas-rhone-france.html
MOMO 2023 - Pinot Noir - Marlborough - New Zealand,52,https://wineconnection.com.sg/buy-wine-online/all-wines/momo-pinot-noir.html
SERESIN 2023 - Sauvignon Blanc  - Marlborough - New Zealand,55,https://wineconnection.com.sg/buy-wine-online/all-wines/seresin-sauvignon-blanc.html
"LA COLLINE AUX PRINCES 2022 - Sancerre, Loire Valley - France",55,https://wineconnection.com.sg/buy-wine-online/all-wines/la-colline-aux-princes-sancerre-loire-valley-france.html
CHÂTEAU PONTET L'EGLISE 2021 - Saint-Émilion Grand Cru - Bordeaux - France,55,https://wineconnection.com.sg/buy-wine-online/all-wines/chateau-pontet-l-eglise-saint-emilion-grand-cru-bordeaux-france.html
"ZONTE'S FOOTSTEP ""Baron Von Nemesis"" 2021 - Shiraz - Barossa Valley - Australia",55,https://wineconnection.com.sg/buy-wine-online/all-wines/zonte-s-footstep-baron-von-nemesis-shiraz-barossa-valley-australia.html
FEDERICO PATERNINA 2013 - Rioja Gran Reserva - Spain,55,https://wineconnection.com.sg/buy-wine-online/all-wines/federico-paternina-rioja-gran-reserva.html
STELLA BELLA 2023 - Chardonnay - Margaret River - Australia,55,https://wineconnection.com.sg/buy-wine-online/all-wines/stella-bella-chardonnay-margaret-river-australia.html
STELLA BELLA 2021 - Shiraz - Margaret River - Australia,55,https://wineconnection.com.sg/buy-wine-online/all-wines/stella-bella-shiraz-margaret-river-australia.html
"SELBACH-OSTER 2021 -  Kabinett Trocken Riesling - Zeltinger, Mosel",56,https://wineconnection.com.sg/buy-wine-online/all-wines/selbach-oster-kabinett-trocken-riesling-mosel.html
MOILLARD 2022 - Bourgogne Pinot Noir 100% Fûts  - France,56,https://wineconnection.com.sg/buy-wine-online/all-wines/moillard-bourgogne-pinot-noir-100-futs-france.html
"SELBACH-OSTER 2021 - Riesling Kabinett - Zeltinger Scholssberg - Mosel, Germany",56,https://wineconnection.com.sg/buy-wine-online/all-wines/selbach-oster-zeltinger-schlossberg-riesling-kabinett.html
"GABRIEL MEFFRE ""Saint Pierre"" 2021 - Crozes-Hermitage, Rhône Valley - France",56,https://wineconnection.com.sg/buy-wine-online/all-wines/gabriel-meffre-saint-pierre.html
"LE GRAND MECHANT LOUP 2023 - Pic Saint Loup, Languedoc AOC - France",56,https://wineconnection.com.sg/buy-wine-online/all-wines/le-grand-mechant-loup-aop-pic-saint-loup.html
MOILLARD 2021 - Bourgogne Chardonnay 100% Fûts - France,56,https://wineconnection.com.sg/buy-wine-online/all-wines/moillard-bourgogne-chardonnay-100-futs-france.html
"COSTA DI BUSSIA ""Vigna Campo del Gatto"" 2022 - Barbera d'Alba, Piedmont - Italy",56,https://wineconnection.com.sg/buy-wine-online/all-wines/costa-di-bussia-vigna-campo-del-gatto-barbera-d-alba.html
"CHATEAU LOUVIE 2022 - Saint Emilion Grand Cru, Bordeaux - France",58,https://wineconnection.com.sg/buy-wine-online/all-wines/chateau-louvie.html
"DOMAINE MASSON-BLONDELET ""Villa Paulus"" 2022 - Sauvignon Blanc - Pouilly-Fumé, Loire Valley - France",58,https://wineconnection.com.sg/buy-wine-online/all-wines/masson-blondelet-pouilly-fume-sauvignon-blanc.html
"Castle Rock ""Reserve"" 2022 - Pinot Noir - Russian River, Sonoma - USA",58,https://wineconnection.com.sg/buy-wine-online/all-wines/castle-rock-reserve-pinot-noir.html
WOLFBERGER 2020 - Riesling Grand Cru Eichberg - Alsace - France,58,https://wineconnection.com.sg/buy-wine-online/all-wines/wolfberger-riesling-grand-cru-eichberg-alsace-france.html
"7 DEADLY ZINS 2021 - Zinfandel  - Lodi, California-USA",58,https://wineconnection.com.sg/buy-wine-online/all-wines/7-deadly-zins-zinfandel.html
"DOMAINE SAUTEREAU ""Sancerre"" 2022 - Sauvignon Blanc - Loire Valley, France",58,https://wineconnection.com.sg/buy-wine-online/all-wines/domaine-sautereau-sancerre-sauvignon-blanc.html
"WOLFBERGER 2020 - Gewürztraminer - Grand Cru Hatschbourg, Alsace - France",58,https://wineconnection.com.sg/buy-wine-online/all-wines/wolfberger-gewurztraminer-grand-cru-hatschbourg-alsace-france.html
"CHÂTEAU VIEUX VERDOT 2021 - Saint-Émilion Grand Cru, Bordeaux - France",58,https://wineconnection.com.sg/buy-wine-online/all-wines/chateau-vieux-verdot-saint-emilion-grand-cru-bordeaux-france.html
"BARON DE LEY ""Gran Reserva"" 2017 - Rioja - Spain",58,https://wineconnection.com.sg/buy-wine-online/all-wines/baron-de-ley-gran-reserva-rioja.html
"LE VOLTE DELL' ORNELLAIA 2022 - Toscana IGT (Super Tuscan) - Tuscany, Italy",59,https://wineconnection.com.sg/buy-wine-online/all-wines/le-volte-dell-ornellaia-toscana-igt-super-tuscan-tuscany-italy.html
"EVOI ""Reserve"" 2020 - Chardonnay - Margaret River - Australia",59,https://wineconnection.com.sg/buy-wine-online/all-wines/evoi-reserve-chardonnay-margaret-river-australia.html
HOUOUBIDEN - Junmai Ginjo Sake - Japan,59,https://wineconnection.com.sg/buy-wine-online/all-wines/hououbiden-junmai-ginjo-sake-japan.html
"DUKE'S VINEYARD ""Single Vineyard"" 2022 - Shiraz - Porongurup, Great Southern - Australia",60,https://wineconnection.com.sg/buy-wine-online/all-wines/duke-s-vineyard-single-vineyard-shiraz-porongurup-great-southern-australia.html
"DUKE'S VINEYARD ""Single Vineyard"" 2023 - Riesling - Porongurup, Great Southern - Australia",60,https://wineconnection.com.sg/buy-wine-online/all-wines/duke-s-vineyard-single-vineyard-riesling-porongurup-great-southern-australia.html
"SELBACH-OSTER 2020 - Spätburgunder (Pinot Noir) - ""Trocken"" - Mosel - Germany",60,https://wineconnection.com.sg/buy-wine-online/all-wines/selbach-oster-spatburgunder-pinot-noir-trocken-mosel-germany.html
"DOMAINE MASSON-BLONDELET ""Thauvenay"" 2023 - Sauvignon Blanc - Sancerre, Loire Valley - France",60,https://wineconnection.com.sg/buy-wine-online/all-wines/masson-blondelet-sancerre-sauvignon-blanc.html
"SIMKÓ PINCE TOKAJI ""Aszú 4 Puttonyos"" 2017 - Tokaj - Hungary",62,https://wineconnection.com.sg/buy-wine-online/all-wines/simko-pince-tokaji-aszu-4-puttonyos-tokaj-hungary.html
"LA CHABLISIENNE ""La Pierrelee"" Chablis 2020 - Burgundy, France",62,https://wineconnection.com.sg/buy-wine-online/all-wines/la-chablisienne-la-pierrelee-chardonnay.html
RIOJA VEGA 2017 - Rioja Gran Reserva - Spain,62,https://wineconnection.com.sg/buy-wine-online/all-wines/rioja-vega-gran-reserva.html
"BARÒN DE LEY ""Finca Monasterio"" 2021 - Rioja - Spain",62,https://wineconnection.com.sg/buy-wine-online/all-wines/baron-de-ley-finca-monasterio-rioja-spain.html
"HOUOUBIDEN ""Wine Cell"" - Junmai Ginjo Sake - Japan",62,https://wineconnection.com.sg/buy-wine-online/all-wines/hououbiden-wine-cell-junmai-ginjo-sake-japan.html
"LA MÉMOIRE DE LA TOUR CARNET ""Rouge"" 2019 - Haut Médoc - Bordeaux - France",65,https://wineconnection.com.sg/buy-wine-online/all-wines/la-memoire-de-la-tour-carnet-rouge-haut-medoc-bordeaux-france.html
"SELBACH-OSTER ""Zeltinger Sonnenuhr "" 2020 - Riesling Spätlese - Germany",66,https://wineconnection.com.sg/buy-wine-online/all-wines/selbach-oster-zeltinger-sonnenuhr-riesling-spatlese.html
"SERESIN ""Leah"" 2023 - Pinot Noir- Marlborough - New Zealand",66,https://wineconnection.com.sg/buy-wine-online/all-wines/seresin-leah-pinot-noir.html
"CHÂTEAU DES ANNEREAUX 2016 - Lalande de Pomerol, Bordeaux - France",68,https://wineconnection.com.sg/buy-wine-online/all-wines/chateau-des-annereaux.html
SCOTT BASE 2021 - Pinot Noir - Central Otago - New Zealand,68,https://wineconnection.com.sg/buy-wine-online/all-wines/scott-base-pinot-noir-central-otago-new-zealand.html
EVOI 2021 - Cabernet Sauvignon - Margaret River - Australia,69,https://wineconnection.com.sg/buy-wine-online/all-wines/evoi-cabernet-sauvignon-margaret-river-australia.html
"EVOI ""Reserve"" 2014 - ""The Satyr""  - Cabernet Sauvignon, Malbec, Petit Verdot - Margaret River - Australia",69,https://wineconnection.com.sg/buy-wine-online/all-wines/evoi-the-satyr-cabernet-sauvignon-petit-verdot-malbec-margaret-river-australia.html
"PATRIARCHE PÈRE & FILS 2022 - Rully 1er Cru, Burgundy - France",69,https://wineconnection.com.sg/buy-wine-online/all-wines/patriarche-pere-fils-rully-1er-cru-burgundy-france.html
"MOILLARD 2022 - Montagny 1er Cru ""Les Bouchots"" - Chardonnay - Burgundy, France",69,https://wineconnection.com.sg/buy-wine-online/all-wines/moillard-montagny-1er-cru-les-bouchots-chardonnay-burgundy-france.html
CHÂTEAU TRONQUOY LALANDE - Saint-Estèphe - Bordeaux - France,69,https://wineconnection.com.sg/buy-wine-online/all-wines/chateau-tronquoy-lalande-saint-estephe-bordeaux-france.html
ERNEST RAPENEAU - Champagne Brut - Champagne - France,69,https://wineconnection.com.sg/buy-wine-online/all-wines/ernest-rapeneau-champagne-brut-champagne-france.html
CASCINA GHERCINA 2019 - Barolo - Piedmont - Italy,70,https://wineconnection.com.sg/buy-wine-online/all-wines/cascina-ghercina-barolo-piedmont-italy.html
"GAUCHEZCO ORO 2020 - Malbec - Gualtallary, Mendoza - Argentina",72,https://wineconnection.com.sg/buy-wine-online/all-wines/gauchezco-oro-malbec.html
"SELBACH-OSTER 2018 - Riesling Auslese - Zeltinger Schlossberg  - Mosel, Germany",72,https://wineconnection.com.sg/buy-wine-online/all-wines/selbach-oster-zeltinger-schlossberg-auslese.html
PAITIN BARBARESCO SERRABOELLA 2019 - Nebbiolo - Piedmont - Italy,72,https://wineconnection.com.sg/buy-wine-online/all-wines/paitin-barbaresco-serrablella-piedmont-italy.html
DOMAINE ROMANIN 2021 - Pouilly-Fuissé  - Burgundy - France,72,https://wineconnection.com.sg/buy-wine-online/all-wines/domaine-romanin-pouilly-fuisse-burgundy-france.html
"CASTLE ROCK ""Reserve"" 2020 - Cabernet Sauvignon - Alexander Valley, California - USA",75,https://wineconnection.com.sg/buy-wine-online/all-wines/castle-rock-reserve-cabernet-sauvignon-alexander-valley-california-usa.html
"HOUOUBIDEN ""Black Phoenix"" - Junmai Ginjo Sake - Japan",75,https://wineconnection.com.sg/buy-wine-online/all-wines/hououbiden-black-phoenix-junmai-ginjo-sake-japan.html
"DUKE'S VINEYARD ""Magpie Hill"" 2022 - Reserve Riesling - Porongurup, Great Southern - Australia",75,https://wineconnection.com.sg/buy-wine-online/all-wines/duke-s-vineyard-magpie-hill-reserve-riesling-porongurup-great-southern-australia.html
"DUKE'S VINEYARD ""Magpie Hill"" 2021- Reserve Shiraz - Porongurup, Great Southern - Australia",75,https://wineconnection.com.sg/buy-wine-online/all-wines/duke-s-vineyard-magpie-hill-reserve-shiraz-porongurup-great-southern-australia.html
"CHATEAU POUILLY ""Cuvee 1551"" 2023 - Pouilly Fuisse, Burgundy - France",75,https://wineconnection.com.sg/buy-wine-online/all-wines/chateau-pouilly-cuvee-1551-pouilly-fuisse.html
"PASCUAL TOSO ""Alta"" 2021 - Malbec  - Barrancas, Mendoza - Argentina",76,https://wineconnection.com.sg/buy-wine-online/all-wines/pascual-toso-alta-malbec-barrancas-vineyard-argentina.html
"CHARLES MIGNON ""Premium Reserve"" - Champagne Brut - France",76,https://wineconnection.com.sg/buy-wine-online/all-wines/charles-mignon-champagne-brut-premium-reserve.html
RICOSSA 2019 - Barolo - Piedmont DOCG - Italy,76,https://wineconnection.com.sg/buy-wine-online/all-wines/ricossa-barolo-piedmont-docg-italy.html
"DOMAINE BRUNELY  2022 - Grenache, Syrah - Châteauneuf-du-Pape, France ",78,https://wineconnection.com.sg/buy-wine-online/all-wines/domaine-brunely-chateauneuf-du-pape-rhone-valley-france.html
"LES HAUTS DE CROIX DE LABRIE 2022 - Saint-Émilion Grand Cru, Bordeaux - France",78,https://wineconnection.com.sg/buy-wine-online/all-wines/les-hauts-de-croix-de-labrie-saint-emilion-grand-cru-bordeaux.html
"CA' DE' ROCCHI ""La Bastia"" 2019 - Amarone Della Valpolicella - Veneto - Italy",79,https://wineconnection.com.sg/buy-wine-online/all-wines/tinazzi-la-bastia-amarone-della-valpolicella.html
CHÂTEAU DE PEZ 2018 - Saint Estephe - Bordeaux - France,79,https://wineconnection.com.sg/buy-wine-online/all-wines/chateau-de-pez-saint-estephe-bordeaux-france.html
"CHARLES MIGNON ""Premier Cru"" - Champagne - France",82,https://wineconnection.com.sg/buy-wine-online/all-wines/charles-mignon-premium-reserve.html
"ZÉDÉ DE LABÉGORCE 2017 - Margaux, Bordeaux - France",82,https://wineconnection.com.sg/buy-wine-online/all-wines/zede-de-labegorce-cabernet-sauvignon.html
DA VINCI I CAPOLAVORI SAN GIOVANNI BATTISTA 2018 - Brunello di Montalcino - Tuscany - Italy,82,https://wineconnection.com.sg/buy-wine-online/all-wines/da-vinci-i-capolavori-san-giovanni-battista-brunello-di-montalcino-tuscany-italy.html
CHÂTEAU LA TOUR CARNET 2020 - Haut Médoc - Bordeaux - France,85,https://wineconnection.com.sg/buy-wine-online/all-wines/chateau-la-tour-carnet-rouge-haut-medoc-bordeaux-france-grand-cru-classe.html
"CHÂTEAU FOMBRAUGE 2019 - Saint-Émilion Grand Cru - Bordeaux, France (Grand Cru Classé)",85,https://wineconnection.com.sg/buy-wine-online/all-wines/chateau-fombrauge-saint-emilion-grand-cru-bordeaux-france-grand-cru-classe.html
"CHÂTEAU YON FIGEAC - Saint-Émilion Grand Cru Classé, Bordeaux - France",85,https://wineconnection.com.sg/buy-wine-online/all-wines/chateau-yon-figeac-saint-emilion-grand-cru-classe.html
"ERNEST RAPENEAU ""Cuvée Speciale Vintage"" 2016 - Champagne - France",88,https://wineconnection.com.sg/buy-wine-online/all-wines/ernest-rapeneau-vintage.html
"CHÂTEAU NÉNIN ""Fugue de Nénin"" 2021 - Pomerol, Bordeaux - France",89,https://wineconnection.com.sg/buy-wine-online/all-wines/chateau-nenin-fugue-de-nenin-pomerol-bordeaux-france.html
"LA CHABLISIENNE ""VAULORENT"" 2020 - Chardonnay - Chablis Premier Cru, Burgundy - France",90,https://wineconnection.com.sg/buy-wine-online/all-wines/la-chablisienne-vaulorent-chardonnay-chablis-premier-cru-burgundy-france.html
DUKE'S VINEYARD 2022 - Chardonnay - Margaret River - Australia,90,https://wineconnection.com.sg/buy-wine-online/all-wines/duke-s-vineyard-margaret-river-chardonnay-australia.html
AMARONE BISCARDO 2019 - Amarone Della Valpolicella Classico - Veneto - Italy,90,https://wineconnection.com.sg/buy-wine-online/all-wines/biscardo-amarone-della-valpolicella-classico.html
"CHARLES MIGNON ""Premium Reserve"" - Champagne Brut Rosé Premier Cru - France",92,https://wineconnection.com.sg/buy-wine-online/all-wines/charles-mignon-champagne-brut-rose.html
"LAURUS 2017 -  Châteauneuf-du-Pape, Rhône Valley - France",96,https://wineconnection.com.sg/buy-wine-online/all-wines/laurus.html
"COSTA DI BUSSIA 2017 - Barolo Riserva DOCG, Piedmont - Italy",96,https://wineconnection.com.sg/buy-wine-online/all-wines/costa-di-bussia-barolo-riserva-docg-piedmont-italy.html
"BARON DE LEY ""Reserva"" 2019 - Rioja - Spain - ""Magnum",98,https://wineconnection.com.sg/buy-wine-online/all-wines/baron-de-ley-reserva-tempranillo-rioja-magnum-sp42m.html
"CLOS BEAUREGARD 2021 - Pomerol, Bordeaux - France",98,https://wineconnection.com.sg/buy-wine-online/all-wines/clos-beauregard-pomerol-merlot.html
LA DAME DE MONTROSE -2020  Saint Estephe - Bordeaux - France,99,https://wineconnection.com.sg/buy-wine-online/all-wines/la-dame-de-montrose-saint-estephe-bordeaux-france.html
"LE SERRE NUOVE DELL'ORNELLAIA 2021- Bolgheri DOC Rosso - Tuscany, Italy",99,https://wineconnection.com.sg/buy-wine-online/all-wines/le-serre-nuove-dell-ornellaia-bolgheri-doc-rosso-tuscany-italy.html
"PASTOURELLE DE CLERC MILON 2016 - Pauillac - Bordeaux, France",99,https://wineconnection.com.sg/buy-wine-online/all-wines/pastourelle-de-clerc-milon-pauillac-bordeaux-france.html
MOULIN DE DUHART 2020 - Pauillac - Bordeaux - France,99,https://wineconnection.com.sg/buy-wine-online/all-wines/moulin-de-duhart-pauillac-bordeaux-france.html
"ERNEST RAPENEAU ""Selection Brut"" - Champagne - France - ""Magnum",99.9,https://wineconnection.com.sg/buy-wine-online/all-wines/ernest-rapeneau-selection-magnum.html
"CHÂTEAU PEYREDON LAGRAVETTE ""Magnum"" 2020 - Haut Medoc Cru Bourgeois, Bordeaux - France",100,https://wineconnection.com.sg/buy-wine-online/all-wines/lagravette-cru-bourgeois-haut-medoc-1-5l.html
"HOUOUBIDEN ""Akaban"" - Junmai Daiginjo Sake - Japan",105,https://wineconnection.com.sg/buy-wine-online/all-wines/hououbiden-akaban-junmai-daiginjo-sake-japan.html
Champagne Masterclass,105.51,https://wineconnection.com.sg/buy-wine-online/all-wines/champagne-masterclass.html
RESERVE DE LA COMTESSE 2021 - Pauillac - Bordeaux - France,109,https://wineconnection.com.sg/buy-wine-online/all-wines/reserve-de-la-comtesse-2021-pauillac-bordeaux-france.html
"DOMAINE DU CHÂTEAU PHILIPPE LE HARDI 2021 - Meursault, Burgundy - France",110,https://wineconnection.com.sg/buy-wine-online/all-wines/chateau-de-santenay-meursault.html
CHÂTEAU TRONQUOY LALANDE BORDEAUX BLANC 2019 - Bordeaux - France,110,https://wineconnection.com.sg/buy-wine-online/all-wines/chateau-tronquoy-lalande-blanc-saint-estephe-bordeaux-france.html
OAKVILLE 2021 - Cabernet Sauvignon - Napa Valley - USA,110,https://wineconnection.com.sg/buy-wine-online/all-wines/oakville-cabernet-sauvignon-napa-valley.html
"PATRIARCHE PÈRE & FILS 2019 - Meursault, Burgundy - France",110,https://wineconnection.com.sg/buy-wine-online/all-wines/patriarche-pere-fils-meursault-burgundy-france.html
"PATRIARCHE PÈRE & FILS 2016  - Pommard, Burgundy - France",110,https://wineconnection.com.sg/buy-wine-online/all-wines/patriarche-pere-fils-pommard-burgundy-france.html
"MOILLARD 2022 - Nuits-Saint-Georges - Pinot Noir - Burgundy, France",110,https://wineconnection.com.sg/buy-wine-online/all-wines/moillard-nuits-saint-georges-pinot-noir-burgundy-france.html
"PATRIARCHE PÈRE & FILS 2019 - Gevrey-Chambertin, Burgundy - France",110,https://wineconnection.com.sg/buy-wine-online/all-wines/patriarche-pere-fils-gevrey-chambertin-burgundy-france.html
"CHARLES MIGNON ""Cuvée Comte De Marne"" - Champagne Brut Grand Cru - France",115,https://wineconnection.com.sg/buy-wine-online/all-wines/champagne-charles-mignon-cuvee-comte-de-marne-champagne-brut-grand-cru.html
"LAURUS 2018 - Syrah - Hermitage, Rhone Valley - France",115,https://wineconnection.com.sg/buy-wine-online/all-wines/laurus-syrah-hermitage-rhone-valley-france.html
"LAURUS 2020 - Côte Rotie, Rhone Valley - France",115,https://wineconnection.com.sg/buy-wine-online/all-wines/laurus-syrah-cote-rotie-rhone-france.html
CHÂTEAU GRAND BERT 2022 - Saint-Émilion Grand Cru Magnum - Bordeaux - France,120,https://wineconnection.com.sg/buy-wine-online/all-wines/chateau-grand-bert-saint-emilion-grand-cru-magnum-bordeaux-france.html
"MEZCAL MACHETAZO ""Espadin"" - Oaxaca - Mexico",129,https://wineconnection.com.sg/buy-wine-online/all-wines/mezcal-machetazo-espadin-oaxaca-mexico.html
"CHÂTEAU NÉNIN 2013 - Pomerol, Bordeaux - France",129,https://wineconnection.com.sg/buy-wine-online/all-wines/chateau-nenin-pomerol-bordeaux-france.html
"CHARLES DE CAZANOVE ""Cuvée Stradivarius"" - Gold Limited Edition - Vintage Champagne 2009 - France",130,https://wineconnection.com.sg/buy-wine-online/all-wines/charles-de-cazanove-cuvee-stradivarius-gold-limited-edition-vintage-champagne-2009-france.html
"MEZCAL MACHETAZO ""Wild Salmiana"" - San Luis Potosi - Mexico",138,https://wineconnection.com.sg/buy-wine-online/all-wines/mezcal-machetazo-wild-salmiana-san-luis-potosi-mexico.html
"CHÂTEAU CROIX DE LABRIE 2018 - Saint-Émilion Grand Cru, Bordeaux - France",199,https://wineconnection.com.sg/buy-wine-online/all-wines/chateau-croix-de-labrie-saint-emilion-grand-cru-bordeaux-france.html
"CHÂTEAU DE PEZ 2018 - Saint Estephe - Bordeaux - France - ""Magnum",200,https://wineconnection.com.sg/buy-wine-online/all-wines/chateau-de-pez-saint-estephe-bordeaux-france-magnum.html
CHÂTEAU GRUAUD LAROSE 2018 - Saint Julien (Grand Cru Classé) - Bordeaux - France,229,https://wineconnection.com.sg/buy-wine-online/all-wines/chateau-gruaud-larose-saint-julien-grand-cru-classe-bordeaux-france.html
"CHÂTEAU PAPE CLEMENT ""Rouge"" 2016 - Pessac-Leognan - Bordeaux - France (Grand Cru Classé de Graves)",249,https://wineconnection.com.sg/buy-wine-online/all-wines/chateau-pape-clement-rouge-pessac-leognan-bordeaux-france-grand-cru-classe-de-graves.html
CHÂTEAU LYNCH BAGES 2014 - Pauillac - Bordeaux - France (Grand Cru Classé),249,https://wineconnection.com.sg/buy-wine-online/all-wines/chateau-lynch-bages-pauillac-bordeaux-france-grand-cru-classe.html
CHÂTEAU MONTROSE 2014 - Saint Estephe - Bordeaux - France (Grand Cru Classé),349,https://wineconnection.com.sg/buy-wine-online/all-wines/chateau-montrose-saint-estephe-bordeaux-france-grand-cru-classe.html
"ORNELLAIA 2018 - Bolgheri Superiore DOC - Tuscany, Italy",349,https://wineconnection.com.sg/buy-wine-online/all-wines/ornellaia-bolgheri-superiore-doc-tuscany-italy-2018.html
"TENUTA SAN GUIDO 2020 - Bolgheri Sassicaia DOC - Tuscany, Italy",438,https://wineconnection.com.sg/buy-wine-online/all-wines/tenuta-san-guido-bolgheri-sassicaia-doc-tuscany-italy.html
"BIBI GRAETZ COLORE 2019 - Toscana IGT - Tuscany, Italy",550,https://wineconnection.com.sg/buy-wine-online/all-wines/bibi-graetz-colore-2019-toscana-igt-tuscany-italy.html
CHÂTEAU MOUTON ROTHSCHILD 2020 - Pauillac Premier Grand Cru Classé - Bordeaux - France,1199,https://wineconnection.com.sg/buy-wine-online/all-wines/chateau-mouton-rothschild-2020-pauillac-premier-grand-cru-classe-bordeaux-france.html
